docid,title,keyword,wikidata_label,wikidata_qid,bnf_id,p279_path,retry_source,match_stage,is_disambiguation,label_similarity,match_score,p31_types,p31_label
1006198,Harmonic mechanical excitations of steady convective instabilities: a means to get more uniform heat transfers in mixed convection flows?,Mixed convection,,,,,none,none,no,0.0,0.0,,
1006198,Harmonic mechanical excitations of steady convective instabilities: a means to get more uniform heat transfers in mixed convection flows?,Poiseuille-Rayleigh-Bénard flow,,,,,none,none,no,0.0,0.0,,
1006198,Harmonic mechanical excitations of steady convective instabilities: a means to get more uniform heat transfers in mixed convection flows?,Convective instability,Convective instability,Q3268911,,instability > risk source > source > entity,context,context,no,100.0,111.0,,
1006198,Harmonic mechanical excitations of steady convective instabilities: a means to get more uniform heat transfers in mixed convection flows?,Convective instability,Convective instability,Q3268911,,instability > state > phenomenon > occurrent > entity,context,context,no,100.0,111.0,,
1006198,Harmonic mechanical excitations of steady convective instabilities: a means to get more uniform heat transfers in mixed convection flows?,Convective instability,Convective instability,Q3268911,,instability > state > phenomenon > observable entity > entity,context,context,no,100.0,111.0,,
1006198,Harmonic mechanical excitations of steady convective instabilities: a means to get more uniform heat transfers in mixed convection flows?,Convective instability,Convective instability,Q3268911,,instability > state > property > abstract entity > entity,context,context,no,100.0,111.0,,
1006198,Harmonic mechanical excitations of steady convective instabilities: a means to get more uniform heat transfers in mixed convection flows?,Convective instability,Convective instability,Q3268911,,instability > risk source > contributing factor > condition > state,context,context,no,100.0,111.0,,
1006198,Harmonic mechanical excitations of steady convective instabilities: a means to get more uniform heat transfers in mixed convection flows?,Convective instability,Convective instability,Q3268911,,instability > risk source > contributing factor > occurrent > entity,context,context,no,100.0,111.0,,
1006198,Harmonic mechanical excitations of steady convective instabilities: a means to get more uniform heat transfers in mixed convection flows?,Rectangular channel,,,,,none,none,no,0.0,0.0,,
1006198,Harmonic mechanical excitations of steady convective instabilities: a means to get more uniform heat transfers in mixed convection flows?,Harmonic inlet excitation,,,,,none,none,no,0.0,0.0,,
1006198,Harmonic mechanical excitations of steady convective instabilities: a means to get more uniform heat transfers in mixed convection flows?,CVD,,,,,none,none,no,0.0,0.0,,
1006198,Harmonic mechanical excitations of steady convective instabilities: a means to get more uniform heat transfers in mixed convection flows?,3D numerical simulations,,,,,none,none,no,0.0,0.0,,
1006198,Harmonic mechanical excitations of steady convective instabilities: a means to get more uniform heat transfers in mixed convection flows?,Design of experiments,Design of experiments,Q18465858,,,context,context,no,100.0,113.0,,
1025697,"Identification of a new pseudo-binary hydroxide during calendar corrosion of (La, Mg)2Ni7-type hydrogen storage alloys for Nickel-Metal Hydride batteries",Corrosion,Corrosion,Q5173028,,,context,context,no,100.0,112.0,Q169930,extended play
1025697,"Identification of a new pseudo-binary hydroxide during calendar corrosion of (La, Mg)2Ni7-type hydrogen storage alloys for Nickel-Metal Hydride batteries",Ni-MH batteries,,,,,none,none,no,0.0,0.0,,
1025697,"Identification of a new pseudo-binary hydroxide during calendar corrosion of (La, Mg)2Ni7-type hydrogen storage alloys for Nickel-Metal Hydride batteries",Raman micro spectroscopy,,,,,none,none,no,0.0,0.0,,
1025697,"Identification of a new pseudo-binary hydroxide during calendar corrosion of (La, Mg)2Ni7-type hydrogen storage alloys for Nickel-Metal Hydride batteries",TEM,Tem,Q36531,12167223r,Gurunsi > Gur > Volta–Congo > Atlantic–Congo > Niger–Congo,exact_label,exact_label,no,100.0,50.0,Q1288568;Q34770,modern language;language
1025697,"Identification of a new pseudo-binary hydroxide during calendar corrosion of (La, Mg)2Ni7-type hydrogen storage alloys for Nickel-Metal Hydride batteries",TEM,Tem,Q36531,12167223r,Gurunsi > Gur > Niger–Congo > human language > language,exact_label,exact_label,no,100.0,50.0,Q1288568;Q34770,modern language;language
1025697,"Identification of a new pseudo-binary hydroxide during calendar corrosion of (La, Mg)2Ni7-type hydrogen storage alloys for Nickel-Metal Hydride batteries",Combination of techniques,,,,,none,none,no,0.0,0.0,,
1060481,π-Conjugated sulfonium-based photoacid generators: an integrated molecular approach for efficient one and two-photon polymerization,20902069,,,,,none,none,no,0.0,0.0,,
1060481,π-Conjugated sulfonium-based photoacid generators: an integrated molecular approach for efficient one and two-photon polymerization,Nsfc,,,,,none,none,yes,0.0,0.0,,
1060481,π-Conjugated sulfonium-based photoacid generators: an integrated molecular approach for efficient one and two-photon polymerization,National natural science foundation of china,National Natural Science Foundation of China,Q4501917,,,exact_label,exact_label,no,100.0,50.0,Q327333;Q45400320;Q5509032;Q98675100,open-access publisher;government agency;funding body;vice-ministerial level institution
1060481,π-Conjugated sulfonium-based photoacid generators: an integrated molecular approach for efficient one and two-photon polymerization,21074094,,,,,none,none,no,0.0,0.0,,
1060481,π-Conjugated sulfonium-based photoacid generators: an integrated molecular approach for efficient one and two-photon polymerization,51173134,,,,,none,none,no,0.0,0.0,,
1064801,"Nucleophilic or Electrophilic Interactions of C2 with HX systems (X=F, Cl, Br)",Potential curves,,,,,none,none,no,0.0,0.0,,
1064801,"Nucleophilic or Electrophilic Interactions of C2 with HX systems (X=F, Cl, Br)",Long range interactions,,,,,none,none,no,0.0,0.0,,
1064801,"Nucleophilic or Electrophilic Interactions of C2 with HX systems (X=F, Cl, Br)",Ab-initio calculations,,,,,none,none,no,0.0,0.0,,
1064801,"Nucleophilic or Electrophilic Interactions of C2 with HX systems (X=F, Cl, Br)",Hydrogen halides,hydrogen halide,Q1572088,,halide > ionic compound > chemical compound > pure substance > chemical substance,exact_label,exact_label,no,100.0,50.0,Q47154513,structural class of chemical entities
1064801,"Nucleophilic or Electrophilic Interactions of C2 with HX systems (X=F, Cl, Br)",Hydrogen halides,hydrogen halide,Q1572088,,halide > halogen compound > chemical compound > pure substance > chemical substance,exact_label,exact_label,no,100.0,50.0,Q47154513,structural class of chemical entities
1064801,"Nucleophilic or Electrophilic Interactions of C2 with HX systems (X=F, Cl, Br)",Hydrogen halides,hydrogen halide,Q1572088,,hydrogen compound > chemical compound > pure substance > chemical substance > chemical entity,exact_label,exact_label,no,100.0,50.0,Q47154513,structural class of chemical entities
1064801,"Nucleophilic or Electrophilic Interactions of C2 with HX systems (X=F, Cl, Br)",Hydrogen halides,hydrogen halide,Q1572088,,hydrogen compound > chemical compound > pure substance > chemical substance > substance,exact_label,exact_label,no,100.0,50.0,Q47154513,structural class of chemical entities
1064801,"Nucleophilic or Electrophilic Interactions of C2 with HX systems (X=F, Cl, Br)",Hydrogen halides,hydrogen halide,Q1572088,,mineral acid > acid > chemical compound > pure substance > chemical substance,exact_label,exact_label,no,100.0,50.0,Q47154513,structural class of chemical entities
1064801,"Nucleophilic or Electrophilic Interactions of C2 with HX systems (X=F, Cl, Br)",Hydrogen halides,hydrogen halide,Q1572088,,mineral acid > inorganic compound > chemical compound > pure substance > chemical substance,exact_label,exact_label,no,100.0,50.0,Q47154513,structural class of chemical entities
1064801,"Nucleophilic or Electrophilic Interactions of C2 with HX systems (X=F, Cl, Br)",Hydrogen halides,hydrogen halide,Q1572088,,mineral acid > inorganic compound > inorganic substance > chemical substance > chemical entity,exact_label,exact_label,no,100.0,50.0,Q47154513,structural class of chemical entities
1064801,"Nucleophilic or Electrophilic Interactions of C2 with HX systems (X=F, Cl, Br)",Hydrogen halides,hydrogen halide,Q1572088,,mineral acid > inorganic compound > inorganic substance > chemical substance > substance,exact_label,exact_label,no,100.0,50.0,Q47154513,structural class of chemical entities
1064801,"Nucleophilic or Electrophilic Interactions of C2 with HX systems (X=F, Cl, Br)",Hydrogen halides,hydrogen halide,Q1572088,,monoprotic acid > acid > chemical compound > pure substance > chemical substance,exact_label,exact_label,no,100.0,50.0,Q47154513,structural class of chemical entities
1067996,In situ analysis of Titan's tholins by Laser 2 steps Desorption Ionisation,5210 PLANETARY SCIENCES ASTROBIOLOGY Planetary atmospheres,,,,,none,none,no,0.0,0.0,,
1067996,In situ analysis of Titan's tholins by Laser 2 steps Desorption Ionisation,Clouds,Clouds,Q110548120,,,context,context,no,100.0,114.0,Q11060274;Q18218093;Q838948,print;etching print;work of art
1067996,In situ analysis of Titan's tholins by Laser 2 steps Desorption Ionisation,And hazes,,,,,none,none,no,0.0,0.0,,
1067996,In situ analysis of Titan's tholins by Laser 2 steps Desorption Ionisation,5405 PLANETARY SCIENCES SOLID SURFACE PLANETS Atmospheres,,,,,none,none,no,0.0,0.0,,
1067996,In situ analysis of Titan's tholins by Laser 2 steps Desorption Ionisation,0305 ATMOSPHERIC COMPOSITION AND STRUCTURE Aerosols and particles,,,,,none,none,no,0.0,0.0,,
1078652,MCMC2 (version 1.1): A Monte Carlo code for multiply-charged clusters,Parallel Charging,,,,,none,none,no,0.0,0.0,,
1078652,MCMC2 (version 1.1): A Monte Carlo code for multiply-charged clusters,Parallel Tempering,parallel tempering,Q7135015,,randomized algorithm > algorithm > procedure > method > means,context,context,no,88.9,106.3,,
1078652,MCMC2 (version 1.1): A Monte Carlo code for multiply-charged clusters,Parallel Tempering,parallel tempering,Q7135015,,randomized algorithm > algorithm > work > artificial object > object,context,context,no,88.9,106.3,,
1078652,MCMC2 (version 1.1): A Monte Carlo code for multiply-charged clusters,Parallel Tempering,parallel tempering,Q7135015,,randomized algorithm > algorithm > work > cultural artifact > artificial object,context,context,no,88.9,106.3,,
1078652,MCMC2 (version 1.1): A Monte Carlo code for multiply-charged clusters,Parallel Tempering,parallel tempering,Q7135015,,randomized algorithm > algorithm > work > cultural artifact > cultural heritage,context,context,no,88.9,106.3,,
1078652,MCMC2 (version 1.1): A Monte Carlo code for multiply-charged clusters,Electrospray ionisation,,,,,none,none,no,0.0,0.0,,
1078652,MCMC2 (version 1.1): A Monte Carlo code for multiply-charged clusters,Charged droplets,,,,,none,none,no,0.0,0.0,,
1078652,MCMC2 (version 1.1): A Monte Carlo code for multiply-charged clusters,Charged clusters,,,,,none,none,no,0.0,0.0,,
1078652,MCMC2 (version 1.1): A Monte Carlo code for multiply-charged clusters,Coarse-grained models,Coarse-grained model,Q25305554,,mathematical model > mathematical object > abstract entity > entity,context,context,no,97.6,109.5,,
1078652,MCMC2 (version 1.1): A Monte Carlo code for multiply-charged clusters,Coarse-grained models,Coarse-grained model,Q25305554,,mathematical model > conceptual model > knowledge organization system > conceptual system > system,context,context,no,97.6,109.5,,
1078652,MCMC2 (version 1.1): A Monte Carlo code for multiply-charged clusters,Coarse-grained models,Coarse-grained model,Q25305554,,mathematical model > conceptual model > knowledge organization system > conceptual system > artificial object,context,context,no,97.6,109.5,,
1078652,MCMC2 (version 1.1): A Monte Carlo code for multiply-charged clusters,Coarse-grained models,Coarse-grained model,Q25305554,,mathematical model > conceptual model > knowledge organization system > conceptual system > abstract entity,context,context,no,97.6,109.5,,
1078652,MCMC2 (version 1.1): A Monte Carlo code for multiply-charged clusters,Coarse-grained models,Coarse-grained model,Q25305554,,mathematical model > conceptual model > knowledge organization system > conceptual system > concept,context,context,no,97.6,109.5,,
1078652,MCMC2 (version 1.1): A Monte Carlo code for multiply-charged clusters,Coarse-grained models,Coarse-grained model,Q25305554,,mathematical model > conceptual model > knowledge organization system > model > artificial object,context,context,no,97.6,109.5,,
1078652,MCMC2 (version 1.1): A Monte Carlo code for multiply-charged clusters,Coarse-grained models,Coarse-grained model,Q25305554,,mathematical model > conceptual model > knowledge organization system > model > information,context,context,no,97.6,109.5,,
1078652,MCMC2 (version 1.1): A Monte Carlo code for multiply-charged clusters,Coarse-grained models,Coarse-grained model,Q25305554,,mathematical model > conceptual model > knowledge organization system > reference work > tertiary source,context,context,no,97.6,109.5,,
1078652,MCMC2 (version 1.1): A Monte Carlo code for multiply-charged clusters,Coarse-grained models,Coarse-grained model,Q25305554,,mathematical model > conceptual model > knowledge organization system > reference work > learning material,context,context,no,97.6,109.5,,
1078652,MCMC2 (version 1.1): A Monte Carlo code for multiply-charged clusters,Coarse-grained models,Coarse-grained model,Q25305554,,mathematical model > conceptual model > knowledge organization system > reference work > creative work,context,context,no,97.6,109.5,,
1078652,MCMC2 (version 1.1): A Monte Carlo code for multiply-charged clusters,Coarse-grained models,Coarse-grained model,Q25305554,,mathematical model > conceptual model > knowledge organization system > reference work > document,context,context,no,97.6,109.5,,
1078652,MCMC2 (version 1.1): A Monte Carlo code for multiply-charged clusters,Coarse-grained models,Coarse-grained model,Q25305554,,mathematical model > conceptual model > knowledge organization system > reference work > written work,context,context,no,97.6,109.5,,
1078652,MCMC2 (version 1.1): A Monte Carlo code for multiply-charged clusters,Coarse-grained models,Coarse-grained model,Q25305554,,mathematical model > conceptual model > knowledge organization system > reference work > publication,context,context,no,97.6,109.5,,
1078652,MCMC2 (version 1.1): A Monte Carlo code for multiply-charged clusters,Coarse-grained models,Coarse-grained model,Q25305554,,mathematical model > conceptual model > knowledge organization system > reference work > project,context,context,no,97.6,109.5,,
1078652,MCMC2 (version 1.1): A Monte Carlo code for multiply-charged clusters,Coarse-grained models,Coarse-grained model,Q25305554,,mathematical model > intellectual work > work > artificial object > object,context,context,no,97.6,109.5,,
1078652,MCMC2 (version 1.1): A Monte Carlo code for multiply-charged clusters,Coarse-grained models,Coarse-grained model,Q25305554,,mathematical model > intellectual work > work > cultural artifact > artificial object,context,context,no,97.6,109.5,,
1078652,MCMC2 (version 1.1): A Monte Carlo code for multiply-charged clusters,Coarse-grained models,Coarse-grained model,Q25305554,,mathematical model > intellectual work > work > cultural artifact > cultural heritage,context,context,no,97.6,109.5,,
1078652,MCMC2 (version 1.1): A Monte Carlo code for multiply-charged clusters,Coarse-grained models,Coarse-grained model,Q25305554,,mathematical model > intellectual work > intellectual property > property > goods,context,context,no,97.6,109.5,,
1078652,MCMC2 (version 1.1): A Monte Carlo code for multiply-charged clusters,Coarse-grained models,Coarse-grained model,Q25305554,,mathematical model > intellectual work > intellectual property > intangible asset > asset,context,context,no,97.6,109.5,,
1078652,MCMC2 (version 1.1): A Monte Carlo code for multiply-charged clusters,Coarse-grained models,Coarse-grained model,Q25305554,,mathematical model > intellectual work > intellectual property > intangible asset > intangible property,context,context,no,97.6,109.5,,
1078652,MCMC2 (version 1.1): A Monte Carlo code for multiply-charged clusters,Coarse-grained models,Coarse-grained model,Q25305554,,mathematical model > intellectual work > intellectual property > exclusive right > rights,context,context,no,97.6,109.5,,
1078652,MCMC2 (version 1.1): A Monte Carlo code for multiply-charged clusters,Coarse-grained models,Coarse-grained model,Q25305554,,mathematical model > intellectual work > intellectual property > erga omnes > subjective right,context,context,no,97.6,109.5,,
1078652,MCMC2 (version 1.1): A Monte Carlo code for multiply-charged clusters,Coarse-grained models,Coarse-grained model,Q25305554,,mathematical model > model > artificial object > object > entity,context,context,no,97.6,109.5,,
1078652,MCMC2 (version 1.1): A Monte Carlo code for multiply-charged clusters,Coarse-grained models,Coarse-grained model,Q25305554,,mathematical model > model > information > abstract entity > entity,context,context,no,97.6,109.5,,
1078652,MCMC2 (version 1.1): A Monte Carlo code for multiply-charged clusters,Coarse-grained models,Coarse-grained model,Q25305554,,mathematical model > model > information > knowledge > memory,context,context,no,97.6,109.5,,
1078652,MCMC2 (version 1.1): A Monte Carlo code for multiply-charged clusters,Coarse-grained models,Coarse-grained model,Q25305554,,mathematical model > scientific model > conceptual model > knowledge organization system > conceptual system,context,context,no,97.6,109.5,,
1078652,MCMC2 (version 1.1): A Monte Carlo code for multiply-charged clusters,Coarse-grained models,Coarse-grained model,Q25305554,,mathematical model > scientific model > conceptual model > knowledge organization system > model,context,context,no,97.6,109.5,,
1078652,MCMC2 (version 1.1): A Monte Carlo code for multiply-charged clusters,Coarse-grained models,Coarse-grained model,Q25305554,,mathematical model > scientific model > conceptual model > knowledge organization system > reference work,context,context,no,97.6,109.5,,
1078652,MCMC2 (version 1.1): A Monte Carlo code for multiply-charged clusters,Coarse-grained models,Coarse-grained model,Q25305554,,mathematical model > mathematical object > scientific object > object > entity,context,context,no,97.6,109.5,,
1078652,MCMC2 (version 1.1): A Monte Carlo code for multiply-charged clusters,Monte Carlo simulations,Monte Carlo Simulation Studies,Q57429452,,,context,context,no,83.0,52.8,Q1980247,chapter
1078896,Are there Stable Excited Triplet States of NCS-/CNS- and NCO-/CNO-?,Potential energy functions,,,,,none,none,no,0.0,0.0,,
1078896,Are there Stable Excited Triplet States of NCS-/CNS- and NCO-/CNO-?,Excited states,excited state,Q215328,,,context,context,no,88.9,110.3,Q669532,energy level
1078896,Are there Stable Excited Triplet States of NCS-/CNS- and NCO-/CNO-?,Molecular anions,,,,,none,none,no,0.0,0.0,,
1083001,245 - A highly sensitive glucose electrode using glucose oxidase collagen film,Glocose oxidase,,,,,none,none,no,0.0,0.0,,
1083001,245 - A highly sensitive glucose electrode using glucose oxidase collagen film,Amperometric biosensor,,,,,none,none,no,0.0,0.0,,
1083001,245 - A highly sensitive glucose electrode using glucose oxidase collagen film,Collagen,collagen,Q26868,,protein-containing complex > cellular component > component > part > entity,context,context,no,87.5,106.5,Q5058355;Q78155096,family of protein complexes;cellular component
1083001,245 - A highly sensitive glucose electrode using glucose oxidase collagen film,Collagen,collagen,Q26868,,protein-containing complex > cellular component > component > perceptible physical object > physical object,context,context,no,87.5,106.5,Q5058355;Q78155096,family of protein complexes;cellular component
1083001,245 - A highly sensitive glucose electrode using glucose oxidase collagen film,Collagen,collagen,Q26868,,protein-containing complex > cellular component > component > material entity > independent continuant,context,context,no,87.5,106.5,Q5058355;Q78155096,family of protein complexes;cellular component
1083001,245 - A highly sensitive glucose electrode using glucose oxidase collagen film,Collagen,collagen,Q26868,,protein-containing complex > cellular component > cardinal cell part > anatomical structure > biological structure,context,context,no,87.5,106.5,Q5058355;Q78155096,family of protein complexes;cellular component
1083001,245 - A highly sensitive glucose electrode using glucose oxidase collagen film,Collagen,collagen,Q26868,,protein-containing complex > cellular component > cardinal cell part > anatomical structure > material anatomical entity,context,context,no,87.5,106.5,Q5058355;Q78155096,family of protein complexes;cellular component
1083001,245 - A highly sensitive glucose electrode using glucose oxidase collagen film,Collagen,collagen,Q26868,,protein-containing complex > oligomer > multimer > chemical compound > pure substance,context,context,no,87.5,106.5,Q5058355;Q78155096,family of protein complexes;cellular component
1083001,245 - A highly sensitive glucose electrode using glucose oxidase collagen film,Collagen,collagen,Q26868,,fibrous protein > protein > biopolymer > polymer > mixture,context,context,no,87.5,106.5,Q5058355;Q78155096,family of protein complexes;cellular component
1083001,245 - A highly sensitive glucose electrode using glucose oxidase collagen film,Collagen,collagen,Q26868,,fibrous protein > protein > biopolymer > polymer > material,context,context,no,87.5,106.5,Q5058355;Q78155096,family of protein complexes;cellular component
1083001,245 - A highly sensitive glucose electrode using glucose oxidase collagen film,Collagen,collagen,Q26868,,fibrous protein > protein > biopolymer > biological macromolecule > anatomical structure,context,context,no,87.5,106.5,Q5058355;Q78155096,family of protein complexes;cellular component
1083001,245 - A highly sensitive glucose electrode using glucose oxidase collagen film,Collagen,collagen,Q26868,,fibrous protein > protein > biopolymer > biological macromolecule > macromolecule,context,context,no,87.5,106.5,Q5058355;Q78155096,family of protein complexes;cellular component
1083001,245 - A highly sensitive glucose electrode using glucose oxidase collagen film,Collagen,collagen,Q26868,,fibrous protein > protein > biopolymer > biological macromolecule > biomolecule,context,context,no,87.5,106.5,Q5058355;Q78155096,family of protein complexes;cellular component
1083001,245 - A highly sensitive glucose electrode using glucose oxidase collagen film,Collagen,collagen,Q26868,,fibrous protein > protein > gene product > organic compound > carbon compound,context,context,no,87.5,106.5,Q5058355;Q78155096,family of protein complexes;cellular component
1083001,245 - A highly sensitive glucose electrode using glucose oxidase collagen film,Collagen,collagen,Q26868,,fibrous protein > protein > gene product > molecule > molecular entity,context,context,no,87.5,106.5,Q5058355;Q78155096,family of protein complexes;cellular component
1083001,245 - A highly sensitive glucose electrode using glucose oxidase collagen film,Collagen,collagen,Q26868,,fibrous protein > protein > polypeptide > macromolecule > molecule,context,context,no,87.5,106.5,Q5058355;Q78155096,family of protein complexes;cellular component
1083001,245 - A highly sensitive glucose electrode using glucose oxidase collagen film,Collagen,collagen,Q26868,,fibrous protein > protein > polypeptide > peptide > carboxamides,context,context,no,87.5,106.5,Q5058355;Q78155096,family of protein complexes;cellular component
1083001,245 - A highly sensitive glucose electrode using glucose oxidase collagen film,Collagen,collagen,Q26868,,fibrous protein > protein > polypeptide > peptide > organic compound,context,context,no,87.5,106.5,Q5058355;Q78155096,family of protein complexes;cellular component
1083001,245 - A highly sensitive glucose electrode using glucose oxidase collagen film,Collagen,collagen,Q26868,,fibrous protein > protein > biological macromolecule > anatomical structure > biological structure,context,context,no,87.5,106.5,Q5058355;Q78155096,family of protein complexes;cellular component
1083001,245 - A highly sensitive glucose electrode using glucose oxidase collagen film,Collagen,collagen,Q26868,,fibrous protein > protein > biological macromolecule > anatomical structure > material anatomical entity,context,context,no,87.5,106.5,Q5058355;Q78155096,family of protein complexes;cellular component
1083001,245 - A highly sensitive glucose electrode using glucose oxidase collagen film,Collagen,collagen,Q26868,,fibrous protein > protein > biological macromolecule > macromolecule > molecule,context,context,no,87.5,106.5,Q5058355;Q78155096,family of protein complexes;cellular component
1083001,245 - A highly sensitive glucose electrode using glucose oxidase collagen film,Collagen,collagen,Q26868,,fibrous protein > protein > biological macromolecule > biomolecule > chemical compound,context,context,no,87.5,106.5,Q5058355;Q78155096,family of protein complexes;cellular component
1083001,245 - A highly sensitive glucose electrode using glucose oxidase collagen film,Collagen,collagen,Q26868,,extracellular matrix proteins > fibrous protein > protein > biopolymer > polymer,context,context,no,87.5,106.5,Q5058355;Q78155096,family of protein complexes;cellular component
1083001,245 - A highly sensitive glucose electrode using glucose oxidase collagen film,Collagen,collagen,Q26868,,extracellular matrix proteins > fibrous protein > protein > biopolymer > biological macromolecule,context,context,no,87.5,106.5,Q5058355;Q78155096,family of protein complexes;cellular component
1083001,245 - A highly sensitive glucose electrode using glucose oxidase collagen film,Collagen,collagen,Q26868,,extracellular matrix proteins > fibrous protein > protein > gene product > organic compound,context,context,no,87.5,106.5,Q5058355;Q78155096,family of protein complexes;cellular component
1083001,245 - A highly sensitive glucose electrode using glucose oxidase collagen film,Collagen,collagen,Q26868,,extracellular matrix proteins > fibrous protein > protein > gene product > molecule,context,context,no,87.5,106.5,Q5058355;Q78155096,family of protein complexes;cellular component
1083001,245 - A highly sensitive glucose electrode using glucose oxidase collagen film,Collagen,collagen,Q26868,,extracellular matrix proteins > fibrous protein > protein > polypeptide > macromolecule,context,context,no,87.5,106.5,Q5058355;Q78155096,family of protein complexes;cellular component
1083001,245 - A highly sensitive glucose electrode using glucose oxidase collagen film,Collagen,collagen,Q26868,,extracellular matrix proteins > fibrous protein > protein > polypeptide > peptide,context,context,no,87.5,106.5,Q5058355;Q78155096,family of protein complexes;cellular component
1083001,245 - A highly sensitive glucose electrode using glucose oxidase collagen film,Collagen,collagen,Q26868,,extracellular matrix proteins > fibrous protein > protein > biological macromolecule > anatomical structure,context,context,no,87.5,106.5,Q5058355;Q78155096,family of protein complexes;cellular component
1083001,245 - A highly sensitive glucose electrode using glucose oxidase collagen film,Collagen,collagen,Q26868,,extracellular matrix proteins > fibrous protein > protein > biological macromolecule > macromolecule,context,context,no,87.5,106.5,Q5058355;Q78155096,family of protein complexes;cellular component
1083001,245 - A highly sensitive glucose electrode using glucose oxidase collagen film,Collagen,collagen,Q26868,,extracellular matrix proteins > fibrous protein > protein > biological macromolecule > biomolecule,context,context,no,87.5,106.5,Q5058355;Q78155096,family of protein complexes;cellular component
1083001,245 - A highly sensitive glucose electrode using glucose oxidase collagen film,Biosensors,Biosensors,Q27709294,,,context,context,no,100.0,110.0,Q5633421,scientific journal
1083004,Electrochemical biosensors: Recommended definitions and classification (Technical Report),Electrochemical biosensor,,,,,none,none,no,0.0,0.0,,
1083004,Electrochemical biosensors: Recommended definitions and classification (Technical Report),Classification,classification,Q5128386,,stylistic device > rhetorical device > technique > method > means,context,context,no,92.9,109.7,,
1083004,Electrochemical biosensors: Recommended definitions and classification (Technical Report),Classification,classification,Q5128386,,stylistic device > rhetorical device > technique > activity > process,context,context,no,92.9,109.7,,
1083004,Electrochemical biosensors: Recommended definitions and classification (Technical Report),Definition,Definition,Q16247949,,,context,context,no,100.0,113.0,Q169930,extended play
1083007,Problems in Adapting a Glucose-Oxidase Electrochemical Sensor into an Implantable Glucose-Sensing Device,Electrochemical biosensor,,,,,none,none,no,0.0,0.0,,
1083007,Problems in Adapting a Glucose-Oxidase Electrochemical Sensor into an Implantable Glucose-Sensing Device,Implantable sensor,Implantable sensor,Q124665234,,,context,context,no,100.0,112.0,Q43305660,United States patent
1083007,Problems in Adapting a Glucose-Oxidase Electrochemical Sensor into an Implantable Glucose-Sensing Device,Glucose,glucose,Q37525,,aldohexose > aldose > monosaccharide > carbohydrate > polyol,context,context,no,85.7,103.4,Q136192523;Q15711994,group of isomeric entities;simple carbohydrates
1083007,Problems in Adapting a Glucose-Oxidase Electrochemical Sensor into an Implantable Glucose-Sensing Device,Glucose,glucose,Q37525,,aldohexose > aldose > monosaccharide > carbohydrate > carbohydrate derivative,context,context,no,85.7,103.4,Q136192523;Q15711994,group of isomeric entities;simple carbohydrates
1083007,Problems in Adapting a Glucose-Oxidase Electrochemical Sensor into an Implantable Glucose-Sensing Device,Glucose,glucose,Q37525,,aldohexose > aldose > aldehydes > carbonyl compound > organooxygen compound,context,context,no,85.7,103.4,Q136192523;Q15711994,group of isomeric entities;simple carbohydrates
1083007,Problems in Adapting a Glucose-Oxidase Electrochemical Sensor into an Implantable Glucose-Sensing Device,Glucose,glucose,Q37525,,aldohexose > aldose > aldehydes > carbonyl compound > oxo compound,context,context,no,85.7,103.4,Q136192523;Q15711994,group of isomeric entities;simple carbohydrates
1083007,Problems in Adapting a Glucose-Oxidase Electrochemical Sensor into an Implantable Glucose-Sensing Device,Glucose,glucose,Q37525,,aldohexose > hexose > monosaccharide > carbohydrate > polyol,context,context,no,85.7,103.4,Q136192523;Q15711994,group of isomeric entities;simple carbohydrates
1083007,Problems in Adapting a Glucose-Oxidase Electrochemical Sensor into an Implantable Glucose-Sensing Device,Glucose,glucose,Q37525,,aldohexose > hexose > monosaccharide > carbohydrate > carbohydrate derivative,context,context,no,85.7,103.4,Q136192523;Q15711994,group of isomeric entities;simple carbohydrates
1083007,Problems in Adapting a Glucose-Oxidase Electrochemical Sensor into an Implantable Glucose-Sensing Device,Glucose oxidase,Glucose oxidase,Q61497978,,protein > biopolymer > polymer > mixture > chemical substance,context,context,no,100.0,111.0,Q8054,protein
1083007,Problems in Adapting a Glucose-Oxidase Electrochemical Sensor into an Implantable Glucose-Sensing Device,Glucose oxidase,Glucose oxidase,Q61497978,,protein > biopolymer > polymer > material > substance,context,context,no,100.0,111.0,Q8054,protein
1083007,Problems in Adapting a Glucose-Oxidase Electrochemical Sensor into an Implantable Glucose-Sensing Device,Glucose oxidase,Glucose oxidase,Q61497978,,protein > biopolymer > polymer > material > product,context,context,no,100.0,111.0,Q8054,protein
1083007,Problems in Adapting a Glucose-Oxidase Electrochemical Sensor into an Implantable Glucose-Sensing Device,Glucose oxidase,Glucose oxidase,Q61497978,,protein > biopolymer > biological macromolecule > anatomical structure > biological structure,context,context,no,100.0,111.0,Q8054,protein
1083007,Problems in Adapting a Glucose-Oxidase Electrochemical Sensor into an Implantable Glucose-Sensing Device,Glucose oxidase,Glucose oxidase,Q61497978,,protein > biopolymer > biological macromolecule > anatomical structure > material anatomical entity,context,context,no,100.0,111.0,Q8054,protein
1083007,Problems in Adapting a Glucose-Oxidase Electrochemical Sensor into an Implantable Glucose-Sensing Device,Glucose oxidase,Glucose oxidase,Q61497978,,protein > biopolymer > biological macromolecule > macromolecule > molecule,context,context,no,100.0,111.0,Q8054,protein
1083007,Problems in Adapting a Glucose-Oxidase Electrochemical Sensor into an Implantable Glucose-Sensing Device,Glucose oxidase,Glucose oxidase,Q61497978,,protein > biopolymer > biological macromolecule > biomolecule > chemical compound,context,context,no,100.0,111.0,Q8054,protein
1083007,Problems in Adapting a Glucose-Oxidase Electrochemical Sensor into an Implantable Glucose-Sensing Device,Glucose oxidase,Glucose oxidase,Q61497978,,protein > gene product > organic compound > carbon compound > chemical compound,context,context,no,100.0,111.0,Q8054,protein
1083007,Problems in Adapting a Glucose-Oxidase Electrochemical Sensor into an Implantable Glucose-Sensing Device,Glucose oxidase,Glucose oxidase,Q61497978,,protein > gene product > molecule > molecular entity > composite particle,context,context,no,100.0,111.0,Q8054,protein
1083007,Problems in Adapting a Glucose-Oxidase Electrochemical Sensor into an Implantable Glucose-Sensing Device,Glucose oxidase,Glucose oxidase,Q61497978,,protein > gene product > molecule > molecular entity > chemical entity,context,context,no,100.0,111.0,Q8054,protein
1083007,Problems in Adapting a Glucose-Oxidase Electrochemical Sensor into an Implantable Glucose-Sensing Device,Glucose oxidase,Glucose oxidase,Q61497978,,protein > polypeptide > macromolecule > molecule > molecular entity,context,context,no,100.0,111.0,Q8054,protein
1083007,Problems in Adapting a Glucose-Oxidase Electrochemical Sensor into an Implantable Glucose-Sensing Device,Glucose oxidase,Glucose oxidase,Q61497978,,protein > polypeptide > peptide > carboxamides > amides,context,context,no,100.0,111.0,Q8054,protein
1083007,Problems in Adapting a Glucose-Oxidase Electrochemical Sensor into an Implantable Glucose-Sensing Device,Glucose oxidase,Glucose oxidase,Q61497978,,protein > polypeptide > peptide > carboxamides > carbonyl compound,context,context,no,100.0,111.0,Q8054,protein
1083007,Problems in Adapting a Glucose-Oxidase Electrochemical Sensor into an Implantable Glucose-Sensing Device,Glucose oxidase,Glucose oxidase,Q61497978,,protein > polypeptide > peptide > organic compound > carbon compound,context,context,no,100.0,111.0,Q8054,protein
1083007,Problems in Adapting a Glucose-Oxidase Electrochemical Sensor into an Implantable Glucose-Sensing Device,Glucose oxidase,Glucose oxidase,Q61497978,,protein > biological macromolecule > anatomical structure > biological structure > structure,context,context,no,100.0,111.0,Q8054,protein
1083007,Problems in Adapting a Glucose-Oxidase Electrochemical Sensor into an Implantable Glucose-Sensing Device,Glucose oxidase,Glucose oxidase,Q61497978,,protein > biological macromolecule > anatomical structure > biological structure > natural physical object,context,context,no,100.0,111.0,Q8054,protein
1083007,Problems in Adapting a Glucose-Oxidase Electrochemical Sensor into an Implantable Glucose-Sensing Device,Glucose oxidase,Glucose oxidase,Q61497978,,protein > biological macromolecule > anatomical structure > material anatomical entity > material entity,context,context,no,100.0,111.0,Q8054,protein
1083007,Problems in Adapting a Glucose-Oxidase Electrochemical Sensor into an Implantable Glucose-Sensing Device,Glucose oxidase,Glucose oxidase,Q61497978,,protein > biological macromolecule > anatomical structure > material anatomical entity > physical anatomical entity,context,context,no,100.0,111.0,Q8054,protein
1083007,Problems in Adapting a Glucose-Oxidase Electrochemical Sensor into an Implantable Glucose-Sensing Device,Glucose oxidase,Glucose oxidase,Q61497978,,protein > biological macromolecule > macromolecule > molecule > molecular entity,context,context,no,100.0,111.0,Q8054,protein
1083007,Problems in Adapting a Glucose-Oxidase Electrochemical Sensor into an Implantable Glucose-Sensing Device,Glucose oxidase,Glucose oxidase,Q61497978,,protein > biological macromolecule > biomolecule > chemical compound > pure substance,context,context,no,100.0,111.0,Q8054,protein
1083014,A glucose electrode using high-stability glucose-oxidase collagen membranes,Electrochemical biosensor,,,,,none,none,no,0.0,0.0,,
1083014,A glucose electrode using high-stability glucose-oxidase collagen membranes,Glucose,glucose,Q37525,,aldohexose > aldose > monosaccharide > carbohydrate > polyol,context,context,no,85.7,104.4,Q136192523;Q15711994,group of isomeric entities;simple carbohydrates
1083014,A glucose electrode using high-stability glucose-oxidase collagen membranes,Glucose,glucose,Q37525,,aldohexose > aldose > monosaccharide > carbohydrate > carbohydrate derivative,context,context,no,85.7,104.4,Q136192523;Q15711994,group of isomeric entities;simple carbohydrates
1083014,A glucose electrode using high-stability glucose-oxidase collagen membranes,Glucose,glucose,Q37525,,aldohexose > aldose > aldehydes > carbonyl compound > organooxygen compound,context,context,no,85.7,104.4,Q136192523;Q15711994,group of isomeric entities;simple carbohydrates
1083014,A glucose electrode using high-stability glucose-oxidase collagen membranes,Glucose,glucose,Q37525,,aldohexose > aldose > aldehydes > carbonyl compound > oxo compound,context,context,no,85.7,104.4,Q136192523;Q15711994,group of isomeric entities;simple carbohydrates
1083014,A glucose electrode using high-stability glucose-oxidase collagen membranes,Glucose,glucose,Q37525,,aldohexose > hexose > monosaccharide > carbohydrate > polyol,context,context,no,85.7,104.4,Q136192523;Q15711994,group of isomeric entities;simple carbohydrates
1083014,A glucose electrode using high-stability glucose-oxidase collagen membranes,Glucose,glucose,Q37525,,aldohexose > hexose > monosaccharide > carbohydrate > carbohydrate derivative,context,context,no,85.7,104.4,Q136192523;Q15711994,group of isomeric entities;simple carbohydrates
1083014,A glucose electrode using high-stability glucose-oxidase collagen membranes,Glucose oxidase,Glucose oxidase,Q61497978,,protein > biopolymer > polymer > mixture > chemical substance,context,context,no,100.0,111.0,Q8054,protein
1083014,A glucose electrode using high-stability glucose-oxidase collagen membranes,Glucose oxidase,Glucose oxidase,Q61497978,,protein > biopolymer > polymer > material > substance,context,context,no,100.0,111.0,Q8054,protein
1083014,A glucose electrode using high-stability glucose-oxidase collagen membranes,Glucose oxidase,Glucose oxidase,Q61497978,,protein > biopolymer > polymer > material > product,context,context,no,100.0,111.0,Q8054,protein
1083014,A glucose electrode using high-stability glucose-oxidase collagen membranes,Glucose oxidase,Glucose oxidase,Q61497978,,protein > biopolymer > biological macromolecule > anatomical structure > biological structure,context,context,no,100.0,111.0,Q8054,protein
1083014,A glucose electrode using high-stability glucose-oxidase collagen membranes,Glucose oxidase,Glucose oxidase,Q61497978,,protein > biopolymer > biological macromolecule > anatomical structure > material anatomical entity,context,context,no,100.0,111.0,Q8054,protein
1083014,A glucose electrode using high-stability glucose-oxidase collagen membranes,Glucose oxidase,Glucose oxidase,Q61497978,,protein > biopolymer > biological macromolecule > macromolecule > molecule,context,context,no,100.0,111.0,Q8054,protein
1083014,A glucose electrode using high-stability glucose-oxidase collagen membranes,Glucose oxidase,Glucose oxidase,Q61497978,,protein > biopolymer > biological macromolecule > biomolecule > chemical compound,context,context,no,100.0,111.0,Q8054,protein
1083014,A glucose electrode using high-stability glucose-oxidase collagen membranes,Glucose oxidase,Glucose oxidase,Q61497978,,protein > gene product > organic compound > carbon compound > chemical compound,context,context,no,100.0,111.0,Q8054,protein
1083014,A glucose electrode using high-stability glucose-oxidase collagen membranes,Glucose oxidase,Glucose oxidase,Q61497978,,protein > gene product > molecule > molecular entity > composite particle,context,context,no,100.0,111.0,Q8054,protein
1083014,A glucose electrode using high-stability glucose-oxidase collagen membranes,Glucose oxidase,Glucose oxidase,Q61497978,,protein > gene product > molecule > molecular entity > chemical entity,context,context,no,100.0,111.0,Q8054,protein
1083014,A glucose electrode using high-stability glucose-oxidase collagen membranes,Glucose oxidase,Glucose oxidase,Q61497978,,protein > polypeptide > macromolecule > molecule > molecular entity,context,context,no,100.0,111.0,Q8054,protein
1083014,A glucose electrode using high-stability glucose-oxidase collagen membranes,Glucose oxidase,Glucose oxidase,Q61497978,,protein > polypeptide > peptide > carboxamides > amides,context,context,no,100.0,111.0,Q8054,protein
1083014,A glucose electrode using high-stability glucose-oxidase collagen membranes,Glucose oxidase,Glucose oxidase,Q61497978,,protein > polypeptide > peptide > carboxamides > carbonyl compound,context,context,no,100.0,111.0,Q8054,protein
1083014,A glucose electrode using high-stability glucose-oxidase collagen membranes,Glucose oxidase,Glucose oxidase,Q61497978,,protein > polypeptide > peptide > organic compound > carbon compound,context,context,no,100.0,111.0,Q8054,protein
1083014,A glucose electrode using high-stability glucose-oxidase collagen membranes,Glucose oxidase,Glucose oxidase,Q61497978,,protein > biological macromolecule > anatomical structure > biological structure > structure,context,context,no,100.0,111.0,Q8054,protein
1083014,A glucose electrode using high-stability glucose-oxidase collagen membranes,Glucose oxidase,Glucose oxidase,Q61497978,,protein > biological macromolecule > anatomical structure > biological structure > natural physical object,context,context,no,100.0,111.0,Q8054,protein
1083014,A glucose electrode using high-stability glucose-oxidase collagen membranes,Glucose oxidase,Glucose oxidase,Q61497978,,protein > biological macromolecule > anatomical structure > material anatomical entity > material entity,context,context,no,100.0,111.0,Q8054,protein
1083014,A glucose electrode using high-stability glucose-oxidase collagen membranes,Glucose oxidase,Glucose oxidase,Q61497978,,protein > biological macromolecule > anatomical structure > material anatomical entity > physical anatomical entity,context,context,no,100.0,111.0,Q8054,protein
1083014,A glucose electrode using high-stability glucose-oxidase collagen membranes,Glucose oxidase,Glucose oxidase,Q61497978,,protein > biological macromolecule > macromolecule > molecule > molecular entity,context,context,no,100.0,111.0,Q8054,protein
1083014,A glucose electrode using high-stability glucose-oxidase collagen membranes,Glucose oxidase,Glucose oxidase,Q61497978,,protein > biological macromolecule > biomolecule > chemical compound > pure substance,context,context,no,100.0,111.0,Q8054,protein
1083157,From Alchemy to modern Chemistry: the concept of Chemical binding,Chemistry history,,,,,none,none,no,0.0,0.0,,
1083157,From Alchemy to modern Chemistry: the concept of Chemical binding,Chemical bond concepts,,,,,none,none,no,0.0,0.0,,
1083160,Is C2 a nucleophilic or an electrophilic system?,Long range interactions,,,,,none,none,no,0.0,0.0,,
1083160,Is C2 a nucleophilic or an electrophilic system?,Potential energy functions,,,,,none,none,no,0.0,0.0,,
1084520,Relation between redox potential and oxygen levels in activated-sludge reactors,Control,Control,Q3689255,,,context,context,no,100.0,112.0,Q134556,single
1084520,Relation between redox potential and oxygen levels in activated-sludge reactors,Instrumentation,Instrumentation,Q28471383,,,context,context,no,100.0,111.0,Q3305213,painting
1084520,Relation between redox potential and oxygen levels in activated-sludge reactors,Waste water treatment plant,Waste Water Treatment Plant,Q116719041,,,exact_label,exact_label,no,100.0,50.0,Q1003207,photovoltaic power station
1084520,Relation between redox potential and oxygen levels in activated-sludge reactors,Oxygen,Oxygen,Q15618,,,context,context,no,100.0,112.0,Q11424,film
1084520,Relation between redox potential and oxygen levels in activated-sludge reactors,Activated sludge,activated sludge,Q815353,,processing sludge > waste > material > substance > ordinary matter,context,context,no,93.8,108.2,,
1084520,Relation between redox potential and oxygen levels in activated-sludge reactors,Activated sludge,activated sludge,Q815353,,processing sludge > waste > material > product > object,context,context,no,93.8,108.2,,
1084520,Relation between redox potential and oxygen levels in activated-sludge reactors,Activated sludge,activated sludge,Q815353,,processing sludge > waste > economic bad > object > entity,context,context,no,93.8,108.2,,
1084520,Relation between redox potential and oxygen levels in activated-sludge reactors,Activated sludge,activated sludge,Q815353,,processing sludge > waste > energy source > source > entity,context,context,no,93.8,108.2,,
1084520,Relation between redox potential and oxygen levels in activated-sludge reactors,Activated sludge,activated sludge,Q815353,,processing sludge > waste > energy source > resource > independent continuant,context,context,no,93.8,108.2,,
1084520,Relation between redox potential and oxygen levels in activated-sludge reactors,Activated sludge,activated sludge,Q815353,,processing sludge > waste > energy source > resource > source,context,context,no,93.8,108.2,,
1084520,Relation between redox potential and oxygen levels in activated-sludge reactors,Activated sludge,activated sludge,Q815353,,processing sludge > waste > energy source > resource > means,context,context,no,93.8,108.2,,
1084520,Relation between redox potential and oxygen levels in activated-sludge reactors,Activated sludge,activated sludge,Q815353,,processing sludge > slurry > fluid > continuum > physical substance,context,context,no,93.8,108.2,,
1084520,Relation between redox potential and oxygen levels in activated-sludge reactors,Activated sludge,activated sludge,Q815353,,processing sludge > slurry > fluid > substance > ordinary matter,context,context,no,93.8,108.2,,
1084520,Relation between redox potential and oxygen levels in activated-sludge reactors,Activated sludge,activated sludge,Q815353,,processing sludge > slurry > suspension > dispersion > state,context,context,no,93.8,108.2,,
1084520,Relation between redox potential and oxygen levels in activated-sludge reactors,Activated sludge,activated sludge,Q815353,,processing sludge > slurry > suspension > dispersion > heterogeneous mixture,context,context,no,93.8,108.2,,
1084520,Relation between redox potential and oxygen levels in activated-sludge reactors,Activated sludge,activated sludge,Q815353,,processing sludge > dregs > dirt > matter > physical substance,context,context,no,93.8,108.2,,
1084520,Relation between redox potential and oxygen levels in activated-sludge reactors,Activated sludge,activated sludge,Q815353,,processing sludge > dregs > waste > material > substance,context,context,no,93.8,108.2,,
1084520,Relation between redox potential and oxygen levels in activated-sludge reactors,Activated sludge,activated sludge,Q815353,,processing sludge > dregs > waste > material > product,context,context,no,93.8,108.2,,
1084520,Relation between redox potential and oxygen levels in activated-sludge reactors,Activated sludge,activated sludge,Q815353,,processing sludge > dregs > waste > economic bad > object,context,context,no,93.8,108.2,,
1084520,Relation between redox potential and oxygen levels in activated-sludge reactors,Activated sludge,activated sludge,Q815353,,processing sludge > dregs > waste > energy source > source,context,context,no,93.8,108.2,,
1084520,Relation between redox potential and oxygen levels in activated-sludge reactors,Activated sludge,activated sludge,Q815353,,processing sludge > dregs > waste > energy source > resource,context,context,no,93.8,108.2,,
1084520,Relation between redox potential and oxygen levels in activated-sludge reactors,Activated sludge,activated sludge,Q815353,,processing sludge > dregs > mud > clastic sediment > sediment,context,context,no,93.8,108.2,,
1084520,Relation between redox potential and oxygen levels in activated-sludge reactors,Activated sludge,activated sludge,Q815353,,processing sludge > dregs > mud > clastic sediment > clastic sedimentary material,context,context,no,93.8,108.2,,
1084520,Relation between redox potential and oxygen levels in activated-sludge reactors,Activated sludge,activated sludge,Q815353,,processing sludge > dregs > mud > building material > material,context,context,no,93.8,108.2,,
1084520,Relation between redox potential and oxygen levels in activated-sludge reactors,Activated sludge,activated sludge,Q815353,,processing sludge > dregs > mud > building material > hardware,context,context,no,93.8,108.2,,
1084520,Relation between redox potential and oxygen levels in activated-sludge reactors,Activated sludge,activated sludge,Q815353,,processing sludge > dregs > mud > building material > construction product,context,context,no,93.8,108.2,,
1084520,Relation between redox potential and oxygen levels in activated-sludge reactors,Activated sludge,activated sludge,Q815353,,processing sludge > dregs > mud > mixture > chemical substance,context,context,no,93.8,108.2,,
1084520,Relation between redox potential and oxygen levels in activated-sludge reactors,Activated sludge,activated sludge,Q815353,,processing sludge > dregs > sediment > granular material > material,context,context,no,93.8,108.2,,
1084520,Relation between redox potential and oxygen levels in activated-sludge reactors,Activated sludge,activated sludge,Q815353,,processing sludge > dregs > sediment > granular material > continuum,context,context,no,93.8,108.2,,
1084520,Relation between redox potential and oxygen levels in activated-sludge reactors,Activated sludge,activated sludge,Q815353,,mud > clastic sediment > sediment > sedimentary material > natural material,context,context,no,93.8,108.2,,
1084520,Relation between redox potential and oxygen levels in activated-sludge reactors,Activated sludge,activated sludge,Q815353,,mud > clastic sediment > sediment > sediment > granular material,context,context,no,93.8,108.2,,
1084520,Relation between redox potential and oxygen levels in activated-sludge reactors,Activated sludge,activated sludge,Q815353,,mud > clastic sediment > clastic sedimentary material > sedimentary material > natural material,context,context,no,93.8,108.2,,
1084520,Relation between redox potential and oxygen levels in activated-sludge reactors,Activated sludge,activated sludge,Q815353,,mud > building material > material > substance > ordinary matter,context,context,no,93.8,108.2,,
1084520,Relation between redox potential and oxygen levels in activated-sludge reactors,Activated sludge,activated sludge,Q815353,,mud > building material > material > product > object,context,context,no,93.8,108.2,,
1084520,Relation between redox potential and oxygen levels in activated-sludge reactors,Activated sludge,activated sludge,Q815353,,mud > building material > hardware > component > part,context,context,no,93.8,108.2,,
1084520,Relation between redox potential and oxygen levels in activated-sludge reactors,Activated sludge,activated sludge,Q815353,,mud > building material > hardware > component > perceptible physical object,context,context,no,93.8,108.2,,
1084520,Relation between redox potential and oxygen levels in activated-sludge reactors,Activated sludge,activated sludge,Q815353,,mud > building material > hardware > component > material entity,context,context,no,93.8,108.2,,
1084520,Relation between redox potential and oxygen levels in activated-sludge reactors,Activated sludge,activated sludge,Q815353,,mud > building material > hardware > product > object,context,context,no,93.8,108.2,,
1084520,Relation between redox potential and oxygen levels in activated-sludge reactors,Activated sludge,activated sludge,Q815353,,mud > building material > hardware > hardware and hardware accessories > product,context,context,no,93.8,108.2,,
1084520,Relation between redox potential and oxygen levels in activated-sludge reactors,Activated sludge,activated sludge,Q815353,,mud > building material > construction product > product > object,context,context,no,93.8,108.2,,
1084520,Relation between redox potential and oxygen levels in activated-sludge reactors,Activated sludge,activated sludge,Q815353,,mud > mixture > chemical substance > chemical entity > ordinary matter,context,context,no,93.8,108.2,,
1084520,Relation between redox potential and oxygen levels in activated-sludge reactors,Activated sludge,activated sludge,Q815353,,mud > mixture > chemical substance > substance > ordinary matter,context,context,no,93.8,108.2,,
1084520,Relation between redox potential and oxygen levels in activated-sludge reactors,Redox potential,redox potential,Q1640043,,reduction potential > bioelectric potential difference > electric potential difference > physical quantity > physical property,exact_label,exact_label,no,100.0,50.0,,
1084520,Relation between redox potential and oxygen levels in activated-sludge reactors,Redox potential,redox potential,Q1640043,,reduction potential > bioelectric potential difference > electric potential difference > physical quantity > individual quantity,exact_label,exact_label,no,100.0,50.0,,
1084520,Relation between redox potential and oxygen levels in activated-sludge reactors,Redox potential,redox potential,Q1640043,,reduction potential > bioelectric potential difference > electric potential difference > potential difference > difference,exact_label,exact_label,no,100.0,50.0,,
1084520,Relation between redox potential and oxygen levels in activated-sludge reactors,Redox potential,redox potential,Q1640043,,reduction potential > bioelectric potential difference > electric potential difference > potential difference > scalar quantity,exact_label,exact_label,no,100.0,50.0,,
1084520,Relation between redox potential and oxygen levels in activated-sludge reactors,Redox potential,redox potential,Q1640043,,reduction potential > bioelectric potential difference > electric potential difference > scalar quantity > physical quantity,exact_label,exact_label,no,100.0,50.0,,
1084520,Relation between redox potential and oxygen levels in activated-sludge reactors,Redox potential,redox potential,Q1640043,,reduction potential > bioelectric potential difference > electric potential difference > scalar quantity > scalar,exact_label,exact_label,no,100.0,50.0,,
1084657,Influence of calcium on glucose biosensor response and on hydrogen peroxide detection,Glucose sensor,Glucose sensor,Q126364723,,,context,context,no,100.0,112.0,Q43305660,United States patent
1084657,Influence of calcium on glucose biosensor response and on hydrogen peroxide detection,Calcium,Calcium,Q3461363,,,context,context,no,100.0,111.0,Q17343829;Q498162,unincorporated community in the United States;census-designated place in the United States
1084657,Influence of calcium on glucose biosensor response and on hydrogen peroxide detection,Hydrogen peroxide,hydrogen peroxide,Q171877,119510333,biogenic acyclic peroxide > fatty acyl > biogenic lipid > biological macromolecule > anatomical structure,context,context,no,94.1,108.5,Q113145171,type of chemical entity
1084657,Influence of calcium on glucose biosensor response and on hydrogen peroxide detection,Hydrogen peroxide,hydrogen peroxide,Q171877,119510333,biogenic acyclic peroxide > fatty acyl > biogenic lipid > biological macromolecule > macromolecule,context,context,no,94.1,108.5,Q113145171,type of chemical entity
1084657,Influence of calcium on glucose biosensor response and on hydrogen peroxide detection,Hydrogen peroxide,hydrogen peroxide,Q171877,119510333,biogenic acyclic peroxide > fatty acyl > biogenic lipid > biological macromolecule > biomolecule,context,context,no,94.1,108.5,Q113145171,type of chemical entity
1084657,Influence of calcium on glucose biosensor response and on hydrogen peroxide detection,Hydrogen peroxide,hydrogen peroxide,Q171877,119510333,biogenic acyclic peroxide > fatty acyl > biogenic lipid > biomolecule > chemical compound,context,context,no,94.1,108.5,Q113145171,type of chemical entity
1084657,Influence of calcium on glucose biosensor response and on hydrogen peroxide detection,Hydrogen peroxide,hydrogen peroxide,Q171877,119510333,biogenic acyclic peroxide > fatty acyl > biogenic lipid > lipid > organic compound,context,context,no,94.1,108.5,Q113145171,type of chemical entity
1084657,Influence of calcium on glucose biosensor response and on hydrogen peroxide detection,Hydrogen peroxide,hydrogen peroxide,Q171877,119510333,biogenic acyclic peroxide > organic peroxide > peroxide > oxygen compound > chemical compound,context,context,no,94.1,108.5,Q113145171,type of chemical entity
1084657,Influence of calcium on glucose biosensor response and on hydrogen peroxide detection,Hydrogen peroxide,hydrogen peroxide,Q171877,119510333,biogenic acyclic peroxide > organic peroxide > peroxide > oxygen compound > oxygen molecular entity,context,context,no,94.1,108.5,Q113145171,type of chemical entity
1084657,Influence of calcium on glucose biosensor response and on hydrogen peroxide detection,Hydrogen peroxide,hydrogen peroxide,Q171877,119510333,hydrogen chalcogenide > chalcogenide > chemical compound > pure substance > chemical substance,context,context,no,94.1,108.5,Q113145171,type of chemical entity
1084657,Influence of calcium on glucose biosensor response and on hydrogen peroxide detection,Hydrogen peroxide,hydrogen peroxide,Q171877,119510333,hydrogen chalcogenide > binary compound of hydrogen > binary compound > compound substance > chemical substance,context,context,no,94.1,108.5,Q113145171,type of chemical entity
1084657,Influence of calcium on glucose biosensor response and on hydrogen peroxide detection,Hydrogen peroxide,hydrogen peroxide,Q171877,119510333,hydrogen chalcogenide > binary compound of hydrogen > hydrogen compound > chemical compound > pure substance,context,context,no,94.1,108.5,Q113145171,type of chemical entity
1084657,Influence of calcium on glucose biosensor response and on hydrogen peroxide detection,Hydrogen peroxide,hydrogen peroxide,Q171877,119510333,oxidizing agent > electron acceptor > substance > ordinary matter > baryonic matter,context,context,no,94.1,108.5,Q113145171,type of chemical entity
1084657,Influence of calcium on glucose biosensor response and on hydrogen peroxide detection,Hydrogen peroxide,hydrogen peroxide,Q171877,119510333,oxidizing agent > noxa > substance > ordinary matter > baryonic matter,context,context,no,94.1,108.5,Q113145171,type of chemical entity
1084657,Influence of calcium on glucose biosensor response and on hydrogen peroxide detection,Hydrogen peroxide,hydrogen peroxide,Q171877,119510333,oxidizing agent > noxa > disease causative agent > risk source > contributing factor,context,context,no,94.1,108.5,Q113145171,type of chemical entity
1084657,Influence of calcium on glucose biosensor response and on hydrogen peroxide detection,Hydrogen peroxide,hydrogen peroxide,Q171877,119510333,oxidizing agent > noxa > disease causative agent > risk source > source,context,context,no,94.1,108.5,Q113145171,type of chemical entity
1084657,Influence of calcium on glucose biosensor response and on hydrogen peroxide detection,Hydrogen peroxide,hydrogen peroxide,Q171877,119510333,oxidizing agent > noxa > disease causative agent > agents (Medicine) > etiology,context,context,no,94.1,108.5,Q113145171,type of chemical entity
1084657,Influence of calcium on glucose biosensor response and on hydrogen peroxide detection,Hydrogen peroxide,hydrogen peroxide,Q171877,119510333,oxidizing agent > comburent > chemical substance > chemical entity > ordinary matter,context,context,no,94.1,108.5,Q113145171,type of chemical entity
1084657,Influence of calcium on glucose biosensor response and on hydrogen peroxide detection,Hydrogen peroxide,hydrogen peroxide,Q171877,119510333,oxidizing agent > comburent > chemical substance > substance > ordinary matter,context,context,no,94.1,108.5,Q113145171,type of chemical entity
1084657,Influence of calcium on glucose biosensor response and on hydrogen peroxide detection,Koutecky-Levich plots,,,,,none,none,no,0.0,0.0,,
1084657,Influence of calcium on glucose biosensor response and on hydrogen peroxide detection,Platinum,Platinum,Q929074,,,context,context,no,100.0,112.0,Q482994,album
1084678,Electrochemical biosensors: recommended definitions and classification,Electrochemical biosensor,,,,,none,none,no,0.0,0.0,,
1084678,Electrochemical biosensors: recommended definitions and classification,Definition,Definition,Q16247949,,,context,context,no,100.0,113.0,Q169930,extended play
1084678,Electrochemical biosensors: recommended definitions and classification,Single use biosensor,,,,,none,none,no,0.0,0.0,,
1084678,Electrochemical biosensors: recommended definitions and classification,Calibration characteristics,,,,,none,none,no,0.0,0.0,,
1084678,Electrochemical biosensors: recommended definitions and classification,Performance criteria,Performance Criteria,Q134702323,,,exact_label,exact_label,no,100.0,50.0,Q7725634,literary work
1084678,Electrochemical biosensors: recommended definitions and classification,Analytes,analyte,Q2282401,,component > part > entity,context,context,no,80.0,102.0,,
1084678,Electrochemical biosensors: recommended definitions and classification,Analytes,analyte,Q2282401,,object of analysis > object > entity,context,context,no,80.0,102.0,,
1084678,Electrochemical biosensors: recommended definitions and classification,Analytes,analyte,Q2282401,,component > perceptible physical object > physical object > material entity > independent continuant,context,context,no,80.0,102.0,,
1084678,Electrochemical biosensors: recommended definitions and classification,Analytes,analyte,Q2282401,,component > perceptible physical object > physical object > concrete object > object,context,context,no,80.0,102.0,,
1084678,Electrochemical biosensors: recommended definitions and classification,Analytes,analyte,Q2282401,,component > perceptible physical object > physical object > concrete object > individual item,context,context,no,80.0,102.0,,
1084678,Electrochemical biosensors: recommended definitions and classification,Analytes,analyte,Q2282401,,component > material entity > independent continuant > continuant > entity,context,context,no,80.0,102.0,,
1084678,Electrochemical biosensors: recommended definitions and classification,Analytes,analyte,Q2282401,,chemical substance > chemical entity > ordinary matter > baryonic matter > common matter,context,context,no,80.0,102.0,,
1084678,Electrochemical biosensors: recommended definitions and classification,Analytes,analyte,Q2282401,,chemical substance > substance > ordinary matter > baryonic matter > common matter,context,context,no,80.0,102.0,,
1086746,"Critical budget of metal sources and pathways in the Seine River basin (1994–2003) for Cd, Cr, Cu, Hg, Ni, Pb and Zn",Cr,,,,,none,none,no,0.0,0.0,,
1086746,"Critical budget of metal sources and pathways in the Seine River basin (1994–2003) for Cd, Cr, Cu, Hg, Ni, Pb and Zn",Cu,,,,,none,none,no,0.0,0.0,,
1086746,"Critical budget of metal sources and pathways in the Seine River basin (1994–2003) for Cd, Cr, Cu, Hg, Ni, Pb and Zn",Cd,,,,,none,none,no,0.0,0.0,,
1086746,"Critical budget of metal sources and pathways in the Seine River basin (1994–2003) for Cd, Cr, Cu, Hg, Ni, Pb and Zn",Zn,,,,,none,none,no,0.0,0.0,,
1086746,"Critical budget of metal sources and pathways in the Seine River basin (1994–2003) for Cd, Cr, Cu, Hg, Ni, Pb and Zn",Hg,,,,,none,none,no,0.0,0.0,,
1086746,"Critical budget of metal sources and pathways in the Seine River basin (1994–2003) for Cd, Cr, Cu, Hg, Ni, Pb and Zn",Pb,,,,,none,none,no,0.0,0.0,,
1086746,"Critical budget of metal sources and pathways in the Seine River basin (1994–2003) for Cd, Cr, Cu, Hg, Ni, Pb and Zn",Heavy metals,Heavy Metal,Q5695115,,,context,context,no,87.0,108.2,Q15773317,television character
1086746,"Critical budget of metal sources and pathways in the Seine River basin (1994–2003) for Cd, Cr, Cu, Hg, Ni, Pb and Zn",Budget,budget,Q41263,,financial plan > plan > plan > sequence > function,context,context,no,83.3,103.0,Q1047113;Q2267705,field of study;field of study
1086746,"Critical budget of metal sources and pathways in the Seine River basin (1994–2003) for Cd, Cr, Cu, Hg, Ni, Pb and Zn",Budget,budget,Q41263,,financial plan > plan > plan > sequence > class,context,context,no,83.3,103.0,Q1047113;Q2267705,field of study;field of study
1086746,"Critical budget of metal sources and pathways in the Seine River basin (1994–2003) for Cd, Cr, Cu, Hg, Ni, Pb and Zn",Seine,Seine,Q25344232,,,context,context,no,100.0,114.0,Q132017,river basin district
1086746,"Critical budget of metal sources and pathways in the Seine River basin (1994–2003) for Cd, Cr, Cu, Hg, Ni, Pb and Zn",River,River,Q1189823,,,context,context,no,100.0,115.0,Q134556,single
1086746,"Critical budget of metal sources and pathways in the Seine River basin (1994–2003) for Cd, Cr, Cu, Hg, Ni, Pb and Zn",Ni,Ni,Q6854084,,,context,context,no,100.0,111.0,Q101352;Q1093580,Chinese family name;family name
1086752,Trace metal determination in total atmospheric deposition in rural and urban areas,Anthropogenic impacts,,,,,none,none,no,0.0,0.0,,
1086752,Trace metal determination in total atmospheric deposition in rural and urban areas,Sampling procedures,sampling procedure,Q114658653,,,exact_label,exact_label,no,100.0,50.0,,
1086752,Trace metal determination in total atmospheric deposition in rural and urban areas,Atmospheric fallout,,,,,none,none,no,0.0,0.0,,
1086752,Trace metal determination in total atmospheric deposition in rural and urban areas,Trace elements,trace element,Q351792,11975502k,bioelement > chemical element > chemical substance > chemical entity > ordinary matter,exact_label,exact_label,no,100.0,50.0,,
1086752,Trace metal determination in total atmospheric deposition in rural and urban areas,Trace elements,trace element,Q351792,11975502k,bioelement > chemical element > chemical substance > substance > ordinary matter,exact_label,exact_label,no,100.0,50.0,,
1086752,Trace metal determination in total atmospheric deposition in rural and urban areas,Trace elements,trace element,Q351792,11975502k,micronutrient > nutrient > chemical substance > chemical entity > ordinary matter,exact_label,exact_label,no,100.0,50.0,,
1086752,Trace metal determination in total atmospheric deposition in rural and urban areas,Trace elements,trace element,Q351792,11975502k,micronutrient > nutrient > chemical substance > substance > ordinary matter,exact_label,exact_label,no,100.0,50.0,,
1086752,Trace metal determination in total atmospheric deposition in rural and urban areas,Trace elements,trace element,Q351792,11975502k,micronutrient > growth substances > physiological effect of drugs > pharmacologic action > chemical actions and uses,exact_label,exact_label,no,100.0,50.0,,
1086752,Trace metal determination in total atmospheric deposition in rural and urban areas,Trace elements,trace element,Q351792,11975502k,micronutrient > growth substances > physiological effect of drugs > pharmacologic action > mode of action,exact_label,exact_label,no,100.0,50.0,,
1086752,Trace metal determination in total atmospheric deposition in rural and urban areas,Trace elements,trace element,Q351792,11975502k,micronutrient > growth substances > mitogen > chemical substance > chemical entity,exact_label,exact_label,no,100.0,50.0,,
1086752,Trace metal determination in total atmospheric deposition in rural and urban areas,Trace elements,trace element,Q351792,11975502k,micronutrient > growth substances > mitogen > chemical substance > substance,exact_label,exact_label,no,100.0,50.0,,
1086752,Trace metal determination in total atmospheric deposition in rural and urban areas,Trace elements,trace element,Q351792,11975502k,chemical element > chemical substance > chemical entity > ordinary matter > baryonic matter,exact_label,exact_label,no,100.0,50.0,,
1086752,Trace metal determination in total atmospheric deposition in rural and urban areas,Trace elements,trace element,Q351792,11975502k,chemical element > chemical substance > substance > ordinary matter > baryonic matter,exact_label,exact_label,no,100.0,50.0,,
1087358,Ab initio investigations on the CaO<sup>2+</sup> dication,Vibronic states,,,,,none,none,no,0.0,0.0,,
1087358,Ab initio investigations on the CaO<sup>2+</sup> dication,Spin–orbit coupling,,,,,none,none,no,0.0,0.0,,
1087358,Ab initio investigations on the CaO<sup>2+</sup> dication,MRCI+Q,,,,,none,none,no,0.0,0.0,,
1087358,Ab initio investigations on the CaO<sup>2+</sup> dication,Stable dication,,,,,none,none,no,0.0,0.0,,
1087358,Ab initio investigations on the CaO<sup>2+</sup> dication,CaO,Cao,Q710706,,,exact_label,exact_label,no,100.0,50.0,Q101352;Q1093580;Q11420694,royal surname;Chinese family name;family name
1087358,Ab initio investigations on the CaO<sup>2+</sup> dication,Calcium monoxide,,,,,none,none,no,0.0,0.0,,
1088019,Nanocomposites of Silica Reinforced Polypropylene: Correlation Between Morphology and Properties,SILANE-GRAFTED POLYPROPYLENE,,,,,none,none,no,0.0,0.0,,
1088019,Nanocomposites of Silica Reinforced Polypropylene: Correlation Between Morphology and Properties,GAS BARRIER PROPERTIES,,,,,none,none,no,0.0,0.0,,
1088019,Nanocomposites of Silica Reinforced Polypropylene: Correlation Between Morphology and Properties,MECHANICAL-PROPERTIES,,,,,none,none,no,0.0,0.0,,
1088019,Nanocomposites of Silica Reinforced Polypropylene: Correlation Between Morphology and Properties,CLAY NANOCOMPOSITES,,,,,none,none,no,0.0,0.0,,
1088019,Nanocomposites of Silica Reinforced Polypropylene: Correlation Between Morphology and Properties,CARBON NANOTUBES,carbon nanotube,Q1778729,,nanotube > nanoparticle > nanomaterial > material > substance,exact_label,exact_label,no,100.0,50.0,,
1088019,Nanocomposites of Silica Reinforced Polypropylene: Correlation Between Morphology and Properties,CARBON NANOTUBES,carbon nanotube,Q1778729,,nanotube > nanoparticle > nanomaterial > material > product,exact_label,exact_label,no,100.0,50.0,,
1088019,Nanocomposites of Silica Reinforced Polypropylene: Correlation Between Morphology and Properties,CARBON NANOTUBES,carbon nanotube,Q1778729,,nanotube > nanoparticle > nanomaterial > chemical substance > chemical entity,exact_label,exact_label,no,100.0,50.0,,
1088019,Nanocomposites of Silica Reinforced Polypropylene: Correlation Between Morphology and Properties,CARBON NANOTUBES,carbon nanotube,Q1778729,,nanotube > nanoparticle > nanomaterial > chemical substance > substance,exact_label,exact_label,no,100.0,50.0,,
1088019,Nanocomposites of Silica Reinforced Polypropylene: Correlation Between Morphology and Properties,CARBON NANOTUBES,carbon nanotube,Q1778729,,nanotube > nanoparticle > particle > physical object > material entity,exact_label,exact_label,no,100.0,50.0,,
1088019,Nanocomposites of Silica Reinforced Polypropylene: Correlation Between Morphology and Properties,CARBON NANOTUBES,carbon nanotube,Q1778729,,nanotube > nanoparticle > particle > physical object > concrete object,exact_label,exact_label,no,100.0,50.0,,
1088019,Nanocomposites of Silica Reinforced Polypropylene: Correlation Between Morphology and Properties,CARBON NANOTUBES,carbon nanotube,Q1778729,,nanotube > pipe > tube > physical object > material entity,exact_label,exact_label,no,100.0,50.0,,
1088019,Nanocomposites of Silica Reinforced Polypropylene: Correlation Between Morphology and Properties,CARBON NANOTUBES,carbon nanotube,Q1778729,,nanotube > pipe > tube > physical object > concrete object,exact_label,exact_label,no,100.0,50.0,,
1088019,Nanocomposites of Silica Reinforced Polypropylene: Correlation Between Morphology and Properties,CARBON NANOTUBES,carbon nanotube,Q1778729,,nanotube > pipe > tube > cylinder > analytic manifold,exact_label,exact_label,no,100.0,50.0,,
1088019,Nanocomposites of Silica Reinforced Polypropylene: Correlation Between Morphology and Properties,CARBON NANOTUBES,carbon nanotube,Q1778729,,nanotube > pipe > tube > cylinder > cylinder,exact_label,exact_label,no,100.0,50.0,,
1088019,Nanocomposites of Silica Reinforced Polypropylene: Correlation Between Morphology and Properties,CARBON NANOTUBES,carbon nanotube,Q1778729,,nanotube > pipe > tube > cylinder > geometric primitive,exact_label,exact_label,no,100.0,50.0,,
1088019,Nanocomposites of Silica Reinforced Polypropylene: Correlation Between Morphology and Properties,CARBON NANOTUBES,carbon nanotube,Q1778729,,allotrope of carbon > allotrope > simple substance > pure substance > chemical substance,exact_label,exact_label,no,100.0,50.0,,
1088019,Nanocomposites of Silica Reinforced Polypropylene: Correlation Between Morphology and Properties,CARBON NANOTUBES,carbon nanotube,Q1778729,,allotrope of carbon > carbon > polyatomic nonmetal > nonmetal > chemical element,exact_label,exact_label,no,100.0,50.0,,
1088019,Nanocomposites of Silica Reinforced Polypropylene: Correlation Between Morphology and Properties,CARBON NANOTUBES,carbon nanotube,Q1778729,,allotrope of carbon > carbon > polyatomic nonmetal > nonmetal > main group,exact_label,exact_label,no,100.0,50.0,,
1088019,Nanocomposites of Silica Reinforced Polypropylene: Correlation Between Morphology and Properties,CARBON NANOTUBES,carbon nanotube,Q1778729,,allotrope of carbon > carbon > polyatomic nonmetal > chemical element > chemical substance,exact_label,exact_label,no,100.0,50.0,,
1088019,Nanocomposites of Silica Reinforced Polypropylene: Correlation Between Morphology and Properties,CARBON NANOTUBES,carbon nanotube,Q1778729,,allotrope of carbon > carbon > polyatomic nonmetal > polyatomic compound > chemical substance,exact_label,exact_label,no,100.0,50.0,,
1088019,Nanocomposites of Silica Reinforced Polypropylene: Correlation Between Morphology and Properties,CARBON NANOTUBES,carbon nanotube,Q1778729,,allotrope of carbon > carbon > nonmetal > chemical element > chemical substance,exact_label,exact_label,no,100.0,50.0,,
1088019,Nanocomposites of Silica Reinforced Polypropylene: Correlation Between Morphology and Properties,CARBON NANOTUBES,carbon nanotube,Q1778729,,allotrope of carbon > carbon > nonmetal > main group > chemical element,exact_label,exact_label,no,100.0,50.0,,
1088019,Nanocomposites of Silica Reinforced Polypropylene: Correlation Between Morphology and Properties,POLYMER,Polymer,Q3395619,,,exact_label,exact_label,no,100.0,50.0,Q41298;Q5633421,magazine;scientific journal
1088019,Nanocomposites of Silica Reinforced Polypropylene: Correlation Between Morphology and Properties,COMPOSITES,composite,Q66539734,,volume > dimensional entity > mathematical object > abstract entity > entity,exact_label,exact_label,no,100.0,50.0,,
1088019,Nanocomposites of Silica Reinforced Polypropylene: Correlation Between Morphology and Properties,COMPOSITES,composite,Q66539734,,volume > dimensional entity > mathematical object > scientific object > object,exact_label,exact_label,no,100.0,50.0,,
1088019,Nanocomposites of Silica Reinforced Polypropylene: Correlation Between Morphology and Properties,BLENDS,blend,Q12055133,,textile > product > object > entity,exact_label,exact_label,no,100.0,50.0,,
1088019,Nanocomposites of Silica Reinforced Polypropylene: Correlation Between Morphology and Properties,BLENDS,blend,Q12055133,,textile > material > substance > ordinary matter > baryonic matter,exact_label,exact_label,no,100.0,50.0,,
1088019,Nanocomposites of Silica Reinforced Polypropylene: Correlation Between Morphology and Properties,BLENDS,blend,Q12055133,,textile > material > product > object > entity,exact_label,exact_label,no,100.0,50.0,,
1088019,Nanocomposites of Silica Reinforced Polypropylene: Correlation Between Morphology and Properties,BLENDS,blend,Q12055133,,textile > artificial physical object > physical object > material entity > independent continuant,exact_label,exact_label,no,100.0,50.0,,
1088019,Nanocomposites of Silica Reinforced Polypropylene: Correlation Between Morphology and Properties,BLENDS,blend,Q12055133,,textile > artificial physical object > physical object > concrete object > object,exact_label,exact_label,no,100.0,50.0,,
1088019,Nanocomposites of Silica Reinforced Polypropylene: Correlation Between Morphology and Properties,BLENDS,blend,Q12055133,,textile > artificial physical object > physical object > concrete object > individual item,exact_label,exact_label,no,100.0,50.0,,
1088019,Nanocomposites of Silica Reinforced Polypropylene: Correlation Between Morphology and Properties,BLENDS,blend,Q12055133,,textile > artificial physical object > artificial object > object > entity,exact_label,exact_label,no,100.0,50.0,,
1088019,Nanocomposites of Silica Reinforced Polypropylene: Correlation Between Morphology and Properties,BLENDS,blend,Q12055133,,textile > artificial physical object > work > artificial object > object,exact_label,exact_label,no,100.0,50.0,,
1088019,Nanocomposites of Silica Reinforced Polypropylene: Correlation Between Morphology and Properties,BLENDS,blend,Q12055133,,textile > artificial physical object > work > cultural artifact > artificial object,exact_label,exact_label,no,100.0,50.0,,
1088019,Nanocomposites of Silica Reinforced Polypropylene: Correlation Between Morphology and Properties,BLENDS,blend,Q12055133,,textile > artificial physical object > work > cultural artifact > cultural heritage,exact_label,exact_label,no,100.0,50.0,,
1088019,Nanocomposites of Silica Reinforced Polypropylene: Correlation Between Morphology and Properties,BLENDS,blend,Q12055133,,textile > goods > goods and services > spatio-temporal entity > object,exact_label,exact_label,no,100.0,50.0,,
1088019,Nanocomposites of Silica Reinforced Polypropylene: Correlation Between Morphology and Properties,BLENDS,blend,Q12055133,,textile > goods > goods and services > spatio-temporal entity > entity,exact_label,exact_label,no,100.0,50.0,,
1088019,Nanocomposites of Silica Reinforced Polypropylene: Correlation Between Morphology and Properties,BLENDS,blend,Q12055133,,textile > goods > goods and services > product > object,exact_label,exact_label,no,100.0,50.0,,
1088019,Nanocomposites of Silica Reinforced Polypropylene: Correlation Between Morphology and Properties,NANOPARTICLES,nanoparticle,Q61231,12293062x,nanomaterial > material > substance > ordinary matter > baryonic matter,exact_label,exact_label,no,100.0,50.0,,
1088019,Nanocomposites of Silica Reinforced Polypropylene: Correlation Between Morphology and Properties,NANOPARTICLES,nanoparticle,Q61231,12293062x,nanomaterial > material > product > object > entity,exact_label,exact_label,no,100.0,50.0,,
1088019,Nanocomposites of Silica Reinforced Polypropylene: Correlation Between Morphology and Properties,NANOPARTICLES,nanoparticle,Q61231,12293062x,nanomaterial > chemical substance > chemical entity > ordinary matter > baryonic matter,exact_label,exact_label,no,100.0,50.0,,
1088019,Nanocomposites of Silica Reinforced Polypropylene: Correlation Between Morphology and Properties,NANOPARTICLES,nanoparticle,Q61231,12293062x,nanomaterial > chemical substance > substance > ordinary matter > baryonic matter,exact_label,exact_label,no,100.0,50.0,,
1088019,Nanocomposites of Silica Reinforced Polypropylene: Correlation Between Morphology and Properties,NANOPARTICLES,nanoparticle,Q61231,12293062x,particle > physical object > material entity > independent continuant > continuant,exact_label,exact_label,no,100.0,50.0,,
1088019,Nanocomposites of Silica Reinforced Polypropylene: Correlation Between Morphology and Properties,NANOPARTICLES,nanoparticle,Q61231,12293062x,particle > physical object > concrete object > object > entity,exact_label,exact_label,no,100.0,50.0,,
1088019,Nanocomposites of Silica Reinforced Polypropylene: Correlation Between Morphology and Properties,NANOPARTICLES,nanoparticle,Q61231,12293062x,particle > physical object > concrete object > individual item > entity,exact_label,exact_label,no,100.0,50.0,,
1088019,Nanocomposites of Silica Reinforced Polypropylene: Correlation Between Morphology and Properties,CRYSTALLIZATION,crystallization,Q284256,119788740,stochastic process > mathematical object > abstract entity > entity,exact_label,exact_label,no,100.0,50.0,,
1088019,Nanocomposites of Silica Reinforced Polypropylene: Correlation Between Morphology and Properties,CRYSTALLIZATION,crystallization,Q284256,119788740,self-assembly > auto-organisation > process > occurrent > entity,exact_label,exact_label,no,100.0,50.0,,
1088019,Nanocomposites of Silica Reinforced Polypropylene: Correlation Between Morphology and Properties,CRYSTALLIZATION,crystallization,Q284256,119788740,self-assembly > auto-organisation > process > sequence > function,exact_label,exact_label,no,100.0,50.0,,
1088019,Nanocomposites of Silica Reinforced Polypropylene: Correlation Between Morphology and Properties,CRYSTALLIZATION,crystallization,Q284256,119788740,self-assembly > auto-organisation > process > sequence > class,exact_label,exact_label,no,100.0,50.0,,
1088019,Nanocomposites of Silica Reinforced Polypropylene: Correlation Between Morphology and Properties,CRYSTALLIZATION,crystallization,Q284256,119788740,self-assembly > auto-organisation > arranging > activity > process,exact_label,exact_label,no,100.0,50.0,,
1088019,Nanocomposites of Silica Reinforced Polypropylene: Correlation Between Morphology and Properties,CRYSTALLIZATION,crystallization,Q284256,119788740,self-assembly > auto-organisation > complexity > quality > property,exact_label,exact_label,no,100.0,50.0,,
1088019,Nanocomposites of Silica Reinforced Polypropylene: Correlation Between Morphology and Properties,CRYSTALLIZATION,crystallization,Q284256,119788740,thermodynamic process > physical process > physicochemical process > process > occurrent,exact_label,exact_label,no,100.0,50.0,,
1088019,Nanocomposites of Silica Reinforced Polypropylene: Correlation Between Morphology and Properties,CRYSTALLIZATION,crystallization,Q284256,119788740,thermodynamic process > physical process > physicochemical process > process > sequence,exact_label,exact_label,no,100.0,50.0,,
1088019,Nanocomposites of Silica Reinforced Polypropylene: Correlation Between Morphology and Properties,CRYSTALLIZATION,crystallization,Q284256,119788740,thermodynamic process > physical process > physical phenomenon > phenomenon > occurrent,exact_label,exact_label,no,100.0,50.0,,
1088019,Nanocomposites of Silica Reinforced Polypropylene: Correlation Between Morphology and Properties,CRYSTALLIZATION,crystallization,Q284256,119788740,thermodynamic process > physical process > physical phenomenon > phenomenon > observable entity,exact_label,exact_label,no,100.0,50.0,,
1088019,Nanocomposites of Silica Reinforced Polypropylene: Correlation Between Morphology and Properties,CRYSTALLIZATION,crystallization,Q284256,119788740,stochastic process > mathematical object > scientific object > object > entity,exact_label,exact_label,no,100.0,50.0,,
1088019,Nanocomposites of Silica Reinforced Polypropylene: Correlation Between Morphology and Properties,CRYSTALLIZATION,crystallization,Q284256,119788740,stochastic process > indexed family > set > class > mathematical object,exact_label,exact_label,no,100.0,50.0,,
1088019,Nanocomposites of Silica Reinforced Polypropylene: Correlation Between Morphology and Properties,CRYSTALLIZATION,crystallization,Q284256,119788740,stochastic process > indexed family > set > class > mathematical structure,exact_label,exact_label,no,100.0,50.0,,
1088019,Nanocomposites of Silica Reinforced Polypropylene: Correlation Between Morphology and Properties,CRYSTALLIZATION,crystallization,Q284256,119788740,stochastic process > indexed family > set > multiset > mathematical object,exact_label,exact_label,no,100.0,50.0,,
1088019,Nanocomposites of Silica Reinforced Polypropylene: Correlation Between Morphology and Properties,CRYSTALLIZATION,crystallization,Q284256,119788740,stochastic process > indexed family > set > algebraic structure > mathematical structure,exact_label,exact_label,no,100.0,50.0,,
1088019,Nanocomposites of Silica Reinforced Polypropylene: Correlation Between Morphology and Properties,CRYSTALLIZATION,crystallization,Q284256,119788740,stochastic process > indexed family > set > algebraic structure > structure,exact_label,exact_label,no,100.0,50.0,,
1088019,Nanocomposites of Silica Reinforced Polypropylene: Correlation Between Morphology and Properties,CRYSTALLIZATION,crystallization,Q284256,119788740,separation process > method > means > contributing factor > condition,exact_label,exact_label,no,100.0,50.0,,
1088019,Nanocomposites of Silica Reinforced Polypropylene: Correlation Between Morphology and Properties,CRYSTALLIZATION,crystallization,Q284256,119788740,separation process > method > means > contributing factor > occurrent,exact_label,exact_label,no,100.0,50.0,,
1088019,Nanocomposites of Silica Reinforced Polypropylene: Correlation Between Morphology and Properties,CRYSTALLIZATION,crystallization,Q284256,119788740,separation process > material process > planned process > process > occurrent,exact_label,exact_label,no,100.0,50.0,,
1088019,Nanocomposites of Silica Reinforced Polypropylene: Correlation Between Morphology and Properties,CRYSTALLIZATION,crystallization,Q284256,119788740,separation process > material process > planned process > process > sequence,exact_label,exact_label,no,100.0,50.0,,
1088019,Nanocomposites of Silica Reinforced Polypropylene: Correlation Between Morphology and Properties,CRYSTALLIZATION,crystallization,Q284256,119788740,separation process > material process > planned process > intentional human activity > human activity,exact_label,exact_label,no,100.0,50.0,,
1088019,Nanocomposites of Silica Reinforced Polypropylene: Correlation Between Morphology and Properties,CRYSTALLIZATION,crystallization,Q284256,119788740,separation process > divergence > change > occurrent > entity,exact_label,exact_label,no,100.0,50.0,,
1088019,Nanocomposites of Silica Reinforced Polypropylene: Correlation Between Morphology and Properties,CRYSTALLIZATION,crystallization,Q284256,119788740,separation process > divergence > increase > change > occurrent,exact_label,exact_label,no,100.0,50.0,,
1088019,Nanocomposites of Silica Reinforced Polypropylene: Correlation Between Morphology and Properties,CRYSTALLIZATION,crystallization,Q284256,119788740,separation process > divergence > increase > occurrence > occurrent,exact_label,exact_label,no,100.0,50.0,,
1088019,Nanocomposites of Silica Reinforced Polypropylene: Correlation Between Morphology and Properties,CRYSTALLIZATION,crystallization,Q284256,119788740,separation process > divergence > process > occurrent > entity,exact_label,exact_label,no,100.0,50.0,,
1088019,Nanocomposites of Silica Reinforced Polypropylene: Correlation Between Morphology and Properties,CRYSTALLIZATION,crystallization,Q284256,119788740,separation process > divergence > process > sequence > function,exact_label,exact_label,no,100.0,50.0,,
1088019,Nanocomposites of Silica Reinforced Polypropylene: Correlation Between Morphology and Properties,CRYSTALLIZATION,crystallization,Q284256,119788740,separation process > divergence > process > sequence > class,exact_label,exact_label,no,100.0,50.0,,
1088019,Nanocomposites of Silica Reinforced Polypropylene: Correlation Between Morphology and Properties,CRYSTALLIZATION,crystallization,Q284256,119788740,separation process > divergence > auto-organisation > process > occurrent,exact_label,exact_label,no,100.0,50.0,,
1088019,Nanocomposites of Silica Reinforced Polypropylene: Correlation Between Morphology and Properties,CRYSTALLIZATION,crystallization,Q284256,119788740,separation process > divergence > auto-organisation > process > sequence,exact_label,exact_label,no,100.0,50.0,,
1088019,Nanocomposites of Silica Reinforced Polypropylene: Correlation Between Morphology and Properties,CRYSTALLIZATION,crystallization,Q284256,119788740,separation process > divergence > auto-organisation > arranging > activity,exact_label,exact_label,no,100.0,50.0,,
1088019,Nanocomposites of Silica Reinforced Polypropylene: Correlation Between Morphology and Properties,CRYSTALLIZATION,crystallization,Q284256,119788740,separation process > divergence > auto-organisation > complexity > quality,exact_label,exact_label,no,100.0,50.0,,
1088019,Nanocomposites of Silica Reinforced Polypropylene: Correlation Between Morphology and Properties,CRYSTALLIZATION,crystallization,Q284256,119788740,separation process > divergence > trend > change > occurrent,exact_label,exact_label,no,100.0,50.0,,
1088019,Nanocomposites of Silica Reinforced Polypropylene: Correlation Between Morphology and Properties,CRYSTALLIZATION,crystallization,Q284256,119788740,separation process > separation > process > occurrent > entity,exact_label,exact_label,no,100.0,50.0,,
1088019,Nanocomposites of Silica Reinforced Polypropylene: Correlation Between Morphology and Properties,CRYSTALLIZATION,crystallization,Q284256,119788740,separation process > separation > process > sequence > function,exact_label,exact_label,no,100.0,50.0,,
1088019,Nanocomposites of Silica Reinforced Polypropylene: Correlation Between Morphology and Properties,CRYSTALLIZATION,crystallization,Q284256,119788740,separation process > separation > process > sequence > class,exact_label,exact_label,no,100.0,50.0,,
